B	19007695	1	Maple Eagles	Amandeep Singh	43	15	5	3	286.67	1	41624226
B	19007695	1	Maple Eagles	Vipin Sharma	31	29	1	3	106.90	1	32519583
B	19007695	2	Deccan Warriors	Abdul Mudaseer Mohmmed	21	15	2	1	140.00	1	1160866
W	19007695	2	Maple Eagles	Arshdeep Singh	2.4	3	3	1.12	13	1	39637167
W	19007695	2	Maple Eagles	Satwinder Singh	2.0	11	3	5.50	7	0	42515588
W	19007695	2	Maple Eagles	Amandeep Singh	3.0	7	2	2.33	15	1	41624226
B	19007694	2	Durham Strikers	Gopal Kanniappan	37	26	1	3	142.31	1	27728606
B	19007694	2	Durham Strikers	Santosh Natarajan	37	27	1	4	137.04	1	23117493
B	19007694	1	Royal Punjab	Amritpal Singh	35	22	1	3	159.09	1	41127556
W	19007694	2	Royal Punjab	Amrit Amrit	3.0	16	3	5.33	11	0	41671523
W	19007694	1	Durham Strikers	Magulan Duraipandian	3.0	19	3	6.33	11	0	32794123
W	19007694	2	Royal Punjab	Parbjot Singh Aulakh	3.0	20	2	6.67	8	0	41091824
B	19007693	2	Royal Challengers Bowmanville	Syed Fasiuddin	48	34	3	2	141.18	1	23808709
B	19007693	2	Royal Challengers Bowmanville	Brian Gomes	44	24	1	5	183.33	0	15231146
B	19007693	1	Panjab XI	Surjeet Singh	21	21	0	2	100.00	1	38766896
W	19007693	1	Royal Challengers Bowmanville	Parker Ronak	3.0	9	3	3.00	14	1	31335119
W	19007693	1	Royal Challengers Bowmanville	Ashish Andani	3.0	19	3	6.33	10	0	16014847
W	19007693	1	Royal Challengers Bowmanville	Seshil Christian	3.0	15	2	5.00	12	0	40513349
B	19007697	1	Mavericks	Bala Santhosam	33	46	1	1	71.74	1	28305774
B	19007697	2	Deccan Warriors	Syed Usama Shahzeb	30	20	1	2	150.00	1	42452972
B	19007697	1	Mavericks	Shobith Balakrishnan	29	20	1	2	145.00	1	30442161
W	19007697	1	Deccan Warriors	Mohammed Shahid Khan	3.0	10	4	3.33	12	0	15392532
W	19007697	2	Mavericks	Suganth Muthuraman	3.0	12	2	4.00	13	0	40875651
W	19007697	2	Mavericks	Manik Arora	3.0	17	2	5.67	13	0	23603966
B	19007698	1	Friends United - Fall T15	Ravi	71	29	6	6	244.83	1	1153446
B	19007698	1	Friends United - Fall T15	Aashish Tiwari	40	22	2	3	181.82	0	822337
B	19007698	1	Friends United - Fall T15	Prince	29	9	1	4	322.22	1	23202334
W	19007698	2	Friends United - Fall T15	Ashu Sharma	2.0	20	4	10.00	8	0	6562419
W	19007698	1	Golden City	Abhishek Thakur	3.0	30	3	10.00	6	0	39122063
W	19007698	2	Friends United - Fall T15	Vishal Dr	1.4	6	2	3.60	7	0	9964315
B	19007696	2	Whitby Thunderbolts Gtcc fall	Junaid Usmani	38	25	0	5	152.00	0	15998322
B	19007696	2	Whitby Thunderbolts Gtcc fall	Karan Bhatt	34	19	3	3	178.95	1	43639731
B	19007696	1	FERAL XI	Balkar Singh	29	20	1	2	145.00	1	41693676
W	19007696	1	Whitby Thunderbolts Gtcc fall	Kiran Chigiri	3.0	13	3	4.33	13	0	22537910
W	19007696	1	Whitby Thunderbolts Gtcc fall	Venkata Balaji Balabha Drapatruni	1.3	8	3	5.33	7	0	23656575
W	19007696	1	Whitby Thunderbolts Gtcc fall	Naren C	3.0	13	2	4.33	11	0	24254648
B	19007701	2	Toronto Nawabs	Kamran Ali	38	23	1	3	165.22	1	42511818
B	19007701	1	Trailblazers	Anudeep Kona	28	13	0	3	215.38	1	39057187
B	19007701	1	Trailblazers	Uthej Kumar Pappu	22	21	1	0	104.76	1	5733409
W	19007701	2	Trailblazers	Pardhu Madarapu	3.0	17	3	5.67	9	0	15282834
W	19007701	1	Toronto Nawabs	Asrar Rahman	3.0	22	3	7.33	4	0	42406798
W	19007701	1	Toronto Nawabs	Mohammed Salman	3.0	19	2	6.33	9	0	41768685
B	19007699	1	Friends United - Fall T15	Saurav	57	38	4	3	150.00	1	38188893
B	19007699	1	Friends United - Fall T15	Prince	41	15	5	3	273.33	1	23202334
B	19007699	1	Friends United - Fall T15	Amandeep Singh	40	25	3	2	160.00	1	39148817
W	19007699	2	Friends United - Fall T15	Karan Bajwa	2.0	11	4	5.50	7	0	6249085
W	19007699	2	Friends United - Fall T15	Jasmeet Singh	2.0	5	3	2.50	10	0	39297037
W	19007699	1	Toronto Nawabs	Asrar Rahman	2.0	17	3	8.50	8	0	42406798
B	19007700	1	Downtown Hunterz	Faisal Yafai	41	21	3	3	195.24	0	10200084
B	19007700	2	Royal Challengers Bowmanville	Syed Fasiuddin	21	16	1	1	131.25	1	23808709
B	19007700	1	Downtown Hunterz	Mohammed Mannan Ali	19	12	0	2	158.33	0	41759501
W	19007700	2	Downtown Hunterz	Mohammed Emad	1.5	15	5	8.18	6	0	31856679
W	19007700	2	Downtown Hunterz	Mir Mujahed Ali	3.0	27	3	9.00	6	0	16147525
W	19007700	2	Downtown Hunterz	Faisal Khan	3.0	9	2	3.00	12	1	31875312
B	19007703	1	Mavericks	Jijeesh Girija Vijayan	40	20	3	3	200.00	1	21760491
B	19007703	1	Mavericks	Sajin Kumar	28	20	0	3	140.00	1	30109342
B	19007703	1	Mavericks	Allen Saju	23	13	1	2	176.92	1	19803415
W	19007703	2	Mavericks	Nasakath Shaikkumthodi	1.3	2	3	1.33	7	0	31273662
W	19007703	1	Royal Punjab	Jugraj Singh	3.0	22	3	7.33	11	0	41127561
W	19007703	2	Mavericks	Abhinandh Abhi	2.0	6	2	3.00	9	0	21201797
B	19007702	1	Invincible Trailblazers	Seethamraju Pavan	34	33	1	0	103.03	0	460319
B	19007702	2	Downtown Hunterz	Faisal Yafai	19	9	2	1	211.11	1	10200084
B	19007702	1	Invincible Trailblazers	Abhishek Chennamaneni	19	18	1	1	105.56	1	2982610
W	19007702	2	Invincible Trailblazers	Yogeesha Naik	3.0	10	2	3.33	12	1	21500136
W	19007702	1	Downtown Hunterz	Faisal Khan	3.0	10	2	3.33	12	0	31875312
W	19007702	1	Downtown Hunterz	Mir Mujahed Ali	3.0	14	2	4.67	10	0	16147525
B	19007704	1	Maratha Warriors - GTCC	Vineesh  M	43	18	0	6	238.89	1	27672383
B	19007704	1	Maratha Warriors - GTCC	Jinto Eliyas	26	27	1	2	96.30	1	21834838
B	19007704	2	Harmony Strikers	Deep Patel	20	10	1	2	200.00	1	29734345
W	19007704	2	Maratha Warriors - GTCC	Rajeev Swaminathan	3.0	15	4	5.00	10	0	23116627
W	19007704	1	Harmony Strikers	Deep Patel	3.0	17	3	5.67	10	0	29734345
W	19007704	2	Maratha Warriors - GTCC	Tanishq B	3.0	18	2	6.00	10	0	23168646
B	19007705	2	Harmony Strikers	Rajeshwar Bose	38	30	3	1	126.67	1	9928620
B	19007705	1	Thunder Strikers	Ravikumar Kantaria	24	23	2	1	104.35	1	27672729
B	19007705	2	Harmony Strikers	Dirgh Raval	23	13	2	2	176.92	0	31266663
W	19007705	1	Harmony Strikers	Bishal Chakraborty	3.0	18	3	6.00	10	0	31271439
W	19007705	2	Thunder Strikers	Jigneshkumar Patel	3.0	18	3	6.00	8	0	30176575
W	19007705	1	Harmony Strikers	Nisarg Cricket Oshawa	2.0	9	2	4.50	6	0	32800410
B	19007707	1	Downtown Hunterz	Faisal Yafai	29	15	1	3	193.33	0	10200084
B	19007707	2	North Stars T15 Fall League 2025	Raghavendra Naik	25	15	1	2	166.67	1	15832543
B	19007707	1	Downtown Hunterz	Irfan Mohammed	19	17	1	1	111.76	1	15608701
W	19007707	2	Downtown Hunterz	Sami Mohammed	3.0	15	3	5.00	10	0	42529904
W	19007707	1	North Stars T15 Fall League 2025	Srikanth Lahoti	2.0	14	3	7.00	6	0	4155955
W	19007707	1	North Stars T15 Fall League 2025	Akshay H S	3.0	24	3	8.00	9	0	31955580
B	19007706	1	Friends United - Fall T15	Navdeep Singh	30	30	2	0	100.00	1	39095211
B	19007706	1	Friends United - Fall T15	Karan Bajwa	25	11	1	3	227.27	0	6249085
B	19007706	1	Friends United - Fall T15	Saurav	23	17	3	0	135.29	1	38188893
W	19007706	2	Friends United - Fall T15	Karan Bajwa	3.0	9	2	3.00	11	0	6249085
W	19007706	2	Friends United - Fall T15	Ashu Sharma	3.0	9	2	3.00	10	0	6562419
W	19007706	2	Friends United - Fall T15	Navdeep Singh	3.0	17	2	5.67	7	0	39095211
B	19007711	1	Maple Eagles	Satwinder Singh	52	25	1	6	208.00	0	42515588
B	19007711	2	DSK Friends XI	Japan Babu	42	28	2	3	150.00	0	39090306
B	19007711	2	DSK Friends XI	Justus Charles	20	16	1	2	125.00	1	16786226
W	19007711	1	DSK Friends XI	Sukant Sharma	3.0	23	2	7.67	10	0	39090207
W	19007711	1	DSK Friends XI	Samil Vig	3.0	29	2	9.67	7	0	31956279
W	19007711	1	DSK Friends XI	Luxminarayanan Venkatapathy	3.0	11	1	3.67	9	0	19801237
B	19007710	2	Golden City	Abhishek Thakur	27	26	0	3	103.85	0	39122063
B	19007710	1	Trailblazers	Harish Pannala(tpg)	16	16	2	0	100.00	1	3052877
B	19007710	2	Golden City	Sarbjeet Singh	14	15	1	0	93.33	1	39121302
W	19007710	1	Golden City	Ragu Sharma	3.0	12	3	4.00	13	1	39147762
W	19007710	2	Trailblazers	Anudeep Kona	3.0	9	2	3.00	13	1	41692406
W	19007710	2	Trailblazers	Pardhu Madarapu	2.0	10	2	5.00	7	0	15282834
B	19007708	1	Avengers	Karan Darji	28	21	4	0	133.33	1	42405047
B	19007708	2	FERAL XI	Varun Jampani	25	21	3	0	119.05	1	15282785
B	19007708	2	FERAL XI	Kushal Reddy	20	14	2	0	142.86	1	15283637
W	19007708	1	FERAL XI	Adnan Khan	3.0	23	3	7.67	8	0	42302317
W	19007708	2	Avengers	Ravish Sharma	3.0	24	3	8.00	9	0	42374685
W	19007708	1	FERAL XI	Ayaan Shaikh	2.0	4	2	2.00	9	0	42302314
B	19007712	2	TCF	Srikanth Reddy P	34	24	4	1	141.67	0	9118169
B	19007712	1	Oshawa Fighters	Srinivasuk	29	21	2	0	138.10	0	2620753
B	19007712	2	TCF	Sharath Reddy Kongari	24	20	2	1	120.00	0	23027924
W	19007712	1	TCF	Praveen Reddy	3.0	20	2	6.67	8	0	5413093
W	19007712	1	TCF	Ananda Reddy Yarradoddi	1.0	4	1	4.00	3	0	21776986
W	19007712	2	Oshawa Fighters	Vinith Reddy Reddy	3.0	14	1	4.67	10	0	23028014
B	19007713	1	Taunton Titans	Rohit Kumar	28	23	2	2	121.74	1	32043677
B	19007713	2	Panjab XI	Arpan Singh	24	12	1	3	200.00	1	31040706
B	19007713	2	Panjab XI	Sanjiv Sharma	20	16	3	0	125.00	1	39683013
W	19007713	1	Panjab XI	Ramandeep Singh	3.0	6	3	2.00	13	0	38771920
W	19007713	1	Panjab XI	Sukhpal Singh	3.0	9	2	3.00	12	0	40841211
W	19007713	1	Panjab XI	Sanjiv Sharma	3.0	10	2	3.33	12	0	39683013
B	19007714	1	Nizam Royal Knights	Kishore Dk	61	30	4	6	203.33	1	21832964
B	19007714	1	Nizam Royal Knights	Sattireddy Nalmala	55	30	7	2	183.33	0	128334
B	19007714	1	Nizam Royal Knights	Charith Reddy	21	6	5	0	350.00	1	16203159
W	19007714	1	Bowmanville Cricket Club	Md Shah Alam	3.0	26	4	8.67	9	0	30090432
W	19007714	2	Nizam Royal Knights	Raghu Reddy	2.0	10	2	5.00	9	0	15998250
W	19007714	2	Nizam Royal Knights	Sampath Kantimahanthi	2.0	13	2	6.50	8	0	30048429
B	19007722	1	Invincible Trailblazers	Kvs Narayana	56	20	5	5	280.00	1	13816654
B	19007722	1	Invincible Trailblazers	Aftab	27	16	0	4	168.75	1	1541269
B	19007722	1	Invincible Trailblazers	Viraj	24	8	2	2	300.00	0	4143349
W	19007722	2	Invincible Trailblazers	Barani S	3.0	6	3	2.00	13	1	21595698
W	19007722	2	Invincible Trailblazers	Kvs Narayana	2.0	5	3	2.50	9	0	13816654
W	19007722	2	Invincible Trailblazers	Yogeesha Naik	2.0	6	2	3.00	7	0	21500136
B	19007721	1	DSK Friends XI	Sukant Sharma	28	22	2	1	127.27	1	39090207
B	19007721	1	DSK Friends XI	Neeladri Dey	25	13	4	0	192.31	1	31989572
B	19007721	1	DSK Friends XI	Vyom Sharma	25	23	3	0	108.70	1	42483036
W	19007721	2	DSK Friends XI	Luxminarayanan Venkatapathy	2.0	0	3	0.00	12	2	19801237
W	19007721	2	DSK Friends XI	Pradeep Poptani	2.0	11	3	5.50	8	0	16293616
W	19007721	2	DSK Friends XI	Sukant Sharma	2.0	6	2	3.00	8	0	39090207
B	19007720	1	Royal Challengers Bowmanville	Ash Kenneth	40	20	3	4	200.00	1	31422300
B	19007720	2	North Stars T15 Fall League 2025	Ashish Khattar	31	21	4	0	147.62	0	16183456
B	19007720	1	Royal Challengers Bowmanville	Syed Fasiuddin	28	13	6	0	215.38	1	23808709
W	19007720	1	North Stars T15 Fall League 2025	Bhuvan Anand	3.0	29	3	9.67	7	0	16145433
W	19007720	2	Royal Challengers Bowmanville	Afzal Khan	3.0	18	2	6.00	12	0	42313627
W	19007720	2	Royal Challengers Bowmanville	Brian Gohil	3.0	21	2	7.00	7	0	32141157
B	19007725	2	Avengers	Rohan Chadha	40	36	3	1	111.11	1	42515675
B	19007725	1	Whitby Thunderbolts Gtcc fall	Venkata Balaji Balabha Drapatruni	24	23	4	0	104.35	1	23656575
B	19007725	2	Avengers	Gursimran Chauhan	21	16	2	1	131.25	1	42350491
W	19007725	1	Avengers	Chintan Patel	2.0	17	3	8.50	6	0	42396014
W	19007725	1	Avengers	Nagu	2.0	14	2	7.00	5	0	9890669
W	19007725	2	Whitby Thunderbolts Gtcc fall	Naren C	3.0	10	1	3.33	11	0	24254648
B	19007723	2	Oshawa Fighters	Madhav	23	15	3	1	153.33	0	14174243
B	19007723	2	Oshawa Fighters	Srinivasuk	15	9	3	0	166.67	0	2620753
B	19007723	1	Birthday Boys XI	Anubhav Nirula	7	9	1	0	77.78	1	31249272
W	19007723	1	Oshawa Fighters	Vinith Reddy Reddy	3.0	4	3	1.33	15	1	23028014
W	19007723	1	Oshawa Fighters	Deepak Manukonda	2.0	9	2	4.50	8	0	21933613
W	19007723	1	Oshawa Fighters	Dileep Rittapalli	1.1	6	2	5.14	5	0	23028081
B	19007724	2	Harmony Strikers	Deep Patel	27	16	3	1	168.75	0	29734345
B	19007724	1	TCF	Varun Kakubal	27	18	1	2	150.00	1	23206427
B	19007724	2	Harmony Strikers	Bishal Chakraborty	26	20	3	1	130.00	1	31271439
W	19007724	1	Harmony Strikers	Harsh Patel	3.0	9	2	3.00	10	0	29748236
W	19007724	2	TCF	Sudheer Aki	3.0	11	2	3.67	12	0	14762522
W	19007724	1	Harmony Strikers	Bishal Chakraborty	2.3	14	2	5.60	8	0	31271439
B	19007726	1	Trailblazers	Uthej Kumar Pappu	63	44	9	1	143.18	1	5733409
B	19007726	2	Friends United - Fall T15	Prince	42	22	0	5	190.91	1	23202334
B	19007726	2	Friends United - Fall T15	Navdeep Singh	30	22	3	0	136.36	0	39095211
W	19007726	1	Friends United - Fall T15	Ashu Sharma	3.0	10	2	3.33	10	0	6562419
W	19007726	1	Friends United - Fall T15	Karan Bajwa	3.0	16	2	5.33	7	0	6249085
W	19007726	2	Trailblazers	Subbu Pakalapati	3.0	33	2	11.00	9	0	132243
B	19007727	2	Taunton Titans	Ishaan Raghav	50	34	6	1	147.06	1	32430873
B	19007727	1	North Stars T15 Fall League 2025	Nilay Shah	42	34	6	0	123.53	0	31954578
B	19007727	1	North Stars T15 Fall League 2025	Bhuvan Anand	41	30	5	1	136.67	1	16145433
W	19007727	2	North Stars T15 Fall League 2025	Ashish Khattar	3.0	13	3	4.33	12	1	16183456
W	19007727	1	Taunton Titans	Mahesh	3.0	15	3	5.00	9	0	9167416
W	19007727	1	Taunton Titans	Vineet Bhat	3.0	22	2	7.33	7	0	41266674
B	19007728	1	Durham Strikers	Bilal Salim	37	34	4	0	108.82	1	41655594
B	19007728	2	Mavericks	Sajin Kumar	36	15	6	1	240.00	0	30109342
B	19007728	2	Mavericks	Jijeesh Girija Vijayan	24	15	2	2	160.00	1	21760491
W	19007728	1	Mavericks	Abhinandh Abhi	3.0	10	2	3.33	14	0	21201797
W	19007728	1	Mavericks	Nasakath Shaikkumthodi	3.0	18	2	6.00	9	0	31273662
W	19007728	2	Durham Strikers	Arun Inpamozhi	1.3	16	2	10.67	5	0	16113070
B	19007730	2	Royal Punjab	Gurwinder Toor	30	19	3	2	157.89	1	31489988
B	19007730	2	Royal Punjab	Prince	21	15	3	1	140.00	1	23012388
B	19007730	2	Royal Punjab	Bikramjeet Singh	19	10	2	1	190.00	0	41099524
W	19007730	1	Royal Punjab	Jugraj Singh	2.2	7	3	3.00	11	0	41127561
W	19007730	1	Royal Punjab	Amritpal Singh	3.0	15	2	5.00	12	0	41127556
W	19007730	1	Royal Punjab	Parbjot Singh Aulakh	2.0	14	2	7.00	7	1	41091824
B	19007731	2	Redwings	Jackson Ouseph	26	22	1	1	118.18	1	21818163
B	19007731	2	Redwings	Christo Joy	24	10	1	3	240.00	1	30376963
B	19007731	1	Team Manjummel	Sampath Kumar Madala	19	11	2	1	172.73	1	15283339
W	19007731	2	Team Manjummel	Srikanth Kommineni	3.0	9	4	3.00	12	0	29518721
W	19007731	2	Team Manjummel	Vinod Goud Boyapalli	2.3	25	3	10.00	8	0	32071427
W	19007731	1	Redwings	Christo Joy	3.0	12	2	4.00	12	0	30376963
B	19007733	1	Redwings	Jackson Ouseph	36	28	6	0	128.57	1	21818163
B	19007733	2	Durham United	Mohit Palkar	34	17	2	2	200.00	1	30088867
B	19007733	2	Durham United	Amitkumar Gupta	29	20	5	0	145.00	1	40436326
W	19007733	1	Durham United	Akash Bhalla	3.0	18	2	6.00	10	0	10133419
W	19007733	2	Redwings	Christo Joy	3.0	20	2	6.67	11	0	30376963
W	19007733	1	Durham United	Jay Ray	3.0	23	2	7.67	10	0	21592545
B	19007736	2	Team Manjummel	Tharun Kumar Jalli	41	25	3	2	164.00	1	29519121
B	19007736	1	Whitby Thunderbolts Gtcc fall	Santhosh Gangu	28	24	3	1	116.67	1	23656534
B	19007736	1	Whitby Thunderbolts Gtcc fall	Anekh Reddy	25	21	3	0	119.05	1	30154781
W	19007736	1	Team Manjummel	Srujan Gandla	3.0	14	4	4.67	11	0	23847345
W	19007736	1	Team Manjummel	Nikhil Battula	3.0	15	3	5.00	12	0	32301207
W	19007736	2	Whitby Thunderbolts Gtcc fall	Dileep Nannore	3.0	11	2	3.67	9	0	15992998
B	19007732	1	Thunder Strikers	Ronak Patel	40	38	3	1	105.26	1	40650973
B	19007732	2	Maratha Warriors - GTCC	Pratik Udawant	20	15	3	0	133.33	0	31286233
B	19007732	2	Maratha Warriors - GTCC	Vineesh  M	17	26	1	1	65.38	0	27672383
W	19007732	1	Maratha Warriors - GTCC	Arun Baby	3.0	6	4	2.00	14	0	27672366
W	19007732	2	Thunder Strikers	Rahul Kalra	3.0	19	3	6.33	11	0	10138742
W	19007732	1	Maratha Warriors - GTCC	Digil Davis	3.0	22	3	7.33	8	0	21961653
B	19007741	1	Invincible Trailblazers	Aftab	41	33	4	1	124.24	1	1541269
B	19007741	1	Invincible Trailblazers	Sai Kiran Dande	32	22	1	3	145.45	1	5259750
B	19007741	2	Panjab XI	Arpan Singh	21	19	4	0	110.53	1	31040706
W	19007741	1	Panjab XI	Sukhpal Singh	3.0	12	3	4.00	12	0	40841211
W	19007741	2	Invincible Trailblazers	Sunil Kumar M	0.4	0	2	0.00	4	0	23320728
W	19007741	2	Invincible Trailblazers	Ginil Joseph	3.0	12	2	4.00	10	0	27672341
B	19007739	2	Royal Punjab	Gurwinder Toor	47	28	2	5	167.86	0	31489988
B	19007739	1	Deccan Warriors	Sohail Mohammed	22	29	2	0	75.86	1	30347639
B	19007739	2	Royal Punjab	Lovepreet Khosa	12	5	1	1	240.00	0	41122178
W	19007739	1	Royal Punjab	Amritpal Singh	3.0	6	4	2.00	15	0	41127556
W	19007739	1	Royal Punjab	Parbjot Singh Aulakh	2.4	9	2	3.38	10	0	41091824
W	19007739	1	Royal Punjab	Amrit Amrit	2.0	13	2	6.50	7	0	41671523
B	19007738	1	DSK Friends XI	Luxminarayanan Venkatapathy	35	20	5	1	175.00	1	19801237
B	19007738	2	Durham Strikers	Sathish Rajan	18	16	2	0	112.50	1	41670672
B	19007738	1	DSK Friends XI	Ronit Patel	16	5	4	0	320.00	1	5667774
W	19007738	2	DSK Friends XI	Dharmendra Singh Parihar	2.3	13	3	5.20	7	0	23337498
W	19007738	2	DSK Friends XI	Samil Vig	3.0	19	3	6.33	8	0	31956279
W	19007738	1	Durham Strikers	Santhosh Rajan	3.0	24	3	8.00	7	0	23717445
B	19007743	2	Harmony Strikers	Rajeshwar Bose	58	26	6	3	223.08	1	9928620
B	19007743	1	Oshawa Fighters	Deepak Manukonda	55	34	4	5	161.76	1	21933613
B	19007743	1	Oshawa Fighters	Harsha Settyvari	31	15	2	3	206.67	1	9081401
W	19007743	2	Oshawa Fighters	Vinith Reddy Reddy	3.0	10	3	3.33	11	0	23028014
W	19007743	1	Harmony Strikers	Deep Patel	3.0	16	3	5.33	12	0	29734345
W	19007743	2	Oshawa Fighters	Ramarao Boyapati	3.0	19	3	6.30	8	0	24281581
B	19007742	1	Durham United	Pulkit Malhotra	31	31	4	1	100.00	1	30168192
B	19007742	2	FERAL XI	Varun Jampani	29	29	4	0	100.00	1	15282785
B	19007742	2	FERAL XI	Fardeen Khan	22	9	1	2	244.44	0	27729185
W	19007742	2	Durham United	Utkarsh Siingh	3.0	13	3	4.33	11	0	15282905
W	19007742	1	FERAL XI	Balkar Singh	3.0	15	3	5.00	12	0	41693676
W	19007742	1	FERAL XI	Adnan Khan	2.0	11	2	5.50	6	0	42302317
B	19007745	1	Maple Eagles	Pardeep Singh	22	13	3	0	169.23	1	42485355
B	19007745	2	Durham Strikers	Gopal Kanniappan	16	15	1	0	106.67	1	27728606
B	19007745	1	Maple Eagles	Shaishav Patel	15	6	2	1	250.00	0	42419434
W	19007745	1	Durham Strikers	Santhosh Rajan	3.0	14	3	4.67	9	0	23717445
W	19007745	2	Maple Eagles	Shaishav Patel	2.0	11	3	5.50	6	0	42419434
W	19007745	2	Maple Eagles	Satwinder Singh	3.0	11	2	3.67	11	1	42515588
B	19007747	2	Royal Challengers Bowmanville	Omair Siddiqui	26	20	3	0	130.00	1	23645645
B	19007747	1	Taunton Titans	Rohit Kumar	23	22	1	0	104.55	1	32043677
B	19007747	2	Royal Challengers Bowmanville	Syed Fasiuddin	22	18	4	0	122.22	1	23808709
W	19007747	2	Taunton Titans	Santhosh Kotte	1.0	1	2	1.00	5	0	23359672
W	19007747	1	Royal Challengers Bowmanville	Arpit Mecwan	3.0	15	2	5.00	8	0	32351586
W	19007747	1	Royal Challengers Bowmanville	Seshil Christian	3.0	16	2	5.33	9	0	40513349
B	19007746	2	Toronto Nawabs	Asrar Rahman	19	25	2	0	76.00	1	42406798
B	19007746	1	Golden City	Abhy	13	10	2	0	130.00	1	39113369
B	19007746	1	Golden City	Parry Brar	13	12	2	0	108.33	1	38211758
W	19007746	1	Toronto Nawabs	Rajat Sharma	3.0	16	3	5.33	10	0	32069714
W	19007746	2	Golden City	Harmeet Singh	2.4	15	3	5.62	10	0	39255428
W	19007746	2	Golden City	Bilal Munir	2.0	5	2	2.50	11	1	41846827
B	19007748	2	Thunder Strikers	Kunal Shah	36	32	2	0	112.50	1	15481956
B	19007748	1	Oshawa Fighters	Deepak Manukonda	34	19	4	1	178.95	1	21933613
B	19007748	1	Oshawa Fighters	Harsha Settyvari	27	17	3	1	158.82	0	9081401
W	19007748	2	Oshawa Fighters	Deepak Manukonda	3.0	15	3	5.00	10	0	21933613
W	19007748	1	Thunder Strikers	Rahul Kalra	3.0	12	2	4.00	11	0	10138742
W	19007748	2	Oshawa Fighters	Srinivasuk	3.0	16	2	5.33	10	0	2620753
B	19007749	1	Durham United	Nikhil Rana	36	22	2	3	163.64	0	32554738
B	19007749	1	Durham United	Abhishek Koneri	17	17	0	1	100.00	1	9779769
B	19007749	1	Durham United	Mohit Palkar	15	17	1	0	88.24	1	30088867
W	19007749	2	Durham United	Jay Ray	1.5	1	4	0.55	10	0	21592545
W	19007749	1	Avengers	Mufiz Munshi	3.0	18	4	6.00	10	1	32430389
W	19007749	2	Durham United	Nikhil Rana	2.0	3	3	1.50	10	1	32554738
B	19007750	1	Mavericks	Jijeesh Girija Vijayan	74	37	5	6	200.00	0	21760491
B	19007750	1	Mavericks	Nasakath Shaikkumthodi	50	15	3	6	333.33	1	31273662
B	19007750	1	Mavericks	Ramkumar Pandarathil	21	14	2	1	150.00	0	14295929
W	19007750	2	Mavericks	Daries Antony	2.0	13	3	6.50	8	0	21106964
W	19007750	2	Mavericks	Bala Santhosam	2.0	10	2	5.00	6	0	28305774
W	19007750	1	DSK Friends XI	Pradeep Poptani	3.0	39	2	13.00	4	0	16293616
B	19007751	1	TCF	Abhinay	68	42	2	6	161.90	0	104346
B	19007751	1	TCF	Varun Kakubal	30	19	2	3	157.89	1	23206427
B	19007751	2	Maratha Warriors - GTCC	Vineesh  M	22	11	4	1	200.00	1	27672383
W	19007751	2	TCF	Akhil Reddy	3.0	12	2	4.00	13	0	5549928
W	19007751	2	TCF	Jayakrishna Gujjari	3.0	16	2	5.33	10	0	1225653
W	19007751	2	TCF	Sudheer Aki	2.0	13	2	6.50	9	1	14762522
B	19007754	2	Trailblazers	Anil Sunkara	37	15	2	4	246.67	0	3913067
B	19007754	2	Trailblazers	Abdul Aziz	16	6	2	1	266.67	1	22862830
B	19007754	1	Bowmanville Cricket Club	Md Shah Alam	16	18	0	1	88.89	1	30090432
W	19007754	1	Trailblazers	Anudeep Kona	3.0	19	4	6.33	10	0	39057187
W	19007754	1	Trailblazers	Vishnu Raj	3.0	10	3	3.33	13	1	22723421
W	19007754	1	Trailblazers	Subbu Pakalapati	3.0	8	1	2.67	13	0	132243
B	19007752	1	Team Manjummel	Vinod Goud Boyapalli	51	15	1	6	340.00	1	32071427
B	19007752	1	Team Manjummel	Mahendra Pullaganti	25	23	3	0	108.70	1	29518729
B	19007752	1	Team Manjummel	Junaid Khan	22	13	1	2	169.23	1	42504301
W	19007752	2	Team Manjummel	Vinod Goud Boyapalli	3.0	19	3	6.33	8	0	32071427
W	19007752	2	Team Manjummel	Niranjan Gottipati	3.0	21	2	7.00	10	0	39257621
W	19007752	1	FERAL XI	Jayakumar Narayanasamy	3.0	30	2	10.00	8	0	32071080
B	19007755	2	Invincible Trailblazers	Viraj	33	16	0	4	206.25	0	4143349
B	19007755	1	North Stars T15 Fall League 2025	Gautham Krishnaprasad	30	34	2	0	88.24	0	41973015
B	19007755	1	North Stars T15 Fall League 2025	Jaideep (jd)	22	16	2	0	137.50	1	9081230
W	19007755	2	North Stars T15 Fall League 2025	Devesh Singh	3.0	37	2	12.33	8	0	33410222
W	19007755	2	North Stars T15 Fall League 2025	Nikhil T	3.0	8	1	2.67	15	1	16147694
W	19007755	2	North Stars T15 Fall League 2025	Nilay Shah	3.0	13	1	4.33	9	0	31954578
B	19007753	1	Panjab XI	Surjeet Singh	56	27	3	6	207.41	0	38766896
B	19007753	2	Downtown Hunterz	Mohammed Ateeq	29	29	4	1	100.00	1	18497213
B	19007753	1	Panjab XI	Pawan Khaira	28	19	0	2	147.37	1	32888366
W	19007753	2	Panjab XI	Sanjiv Sharma	4.0	20	5	5.00	16	0	39683013
W	19007753	1	Downtown Hunterz	Faisal Khan	3.0	8	3	2.67	14	0	31875312
W	19007753	2	Panjab XI	Arpan Singh	2.0	19	2	9.50	7	0	31040706
B	19007756	1	Golden City	Abhy	36	25	0	5	144.00	1	39113369
B	19007756	1	Golden City	Jasraj Singh	22	13	1	2	169.23	1	42437530
B	19007756	1	Golden City	Parry Brar	21	17	2	1	123.53	1	38211758
W	19007756	2	Golden City	Ragu Sharma	3.0	12	4	4.00	13	0	39147762
W	19007756	1	Bowmanville Cricket Club	Ritesh Vats	3.0	26	4	8.67	8	0	30873931
W	19007756	2	Golden City	Mohit K	2.0	5	2	2.50	8	0	39112810
B	19007757	1	Team Manjummel	Tharun Kumar Jalli	48	16	2	5	300.00	0	29519121
B	19007757	1	Team Manjummel	Mahendra Pullaganti	38	33	3	3	115.15	1	29518729
B	19007757	1	Team Manjummel	Vinod Goud Boyapalli	34	21	4	2	161.90	1	32071427
W	19007757	2	Team Manjummel	Srikanth Kommineni	2.5	6	4	2.12	13	0	29518721
W	19007757	1	Avengers	Ravish Sharma	3.0	14	3	4.67	13	0	42374685
W	19007757	2	Team Manjummel	Niranjan Gottipati	3.0	16	2	5.33	11	0	39257621
B	19007760	1	Maratha Warriors - GTCC	Daljeet Sandhu	38	18	5	2	211.11	1	19815275
B	19007760	1	Maratha Warriors - GTCC	Ashish Tamboli	35	18	2	3	194.44	0	23037953
B	19007760	2	Birthday Boys XI	Abhinav Nirula	29	18	1	2	161.11	1	42515145
W	19007760	2	Maratha Warriors - GTCC	Tanishq B	3.0	5	2	1.67	13	0	23168646
W	19007760	1	Birthday Boys XI	Paritosh Dali	3.0	43	2	14.33	6	0	4166516
W	19007760	2	Maratha Warriors - GTCC	Ashish Tamboli	3.0	19	1	6.33	9	0	23037953
B	19007759	1	Royal Punjab	Gurwinder Toor	72	43	5	5	167.44	0	31489988
B	19007759	1	Royal Punjab	Jugraj Singh	21	20	1	1	105.00	1	41127561
B	19007759	2	DSK Friends XI	Viral Patel	19	17	3	0	111.76	1	15815175
W	19007759	2	Royal Punjab	Amritpal Singh	3.0	15	3	5.00	12	1	41127556
W	19007759	1	DSK Friends XI	Rajesh Babu Gangula	3.0	26	3	8.67	12	0	30013922
W	19007759	2	Royal Punjab	Gurwinder Toor	1.1	3	2	2.57	4	0	31489988
B	19007762	2	Royal Challengers Bowmanville	Daryll Christian	35	25	1	4	140.00	1	5206334
B	19007762	1	Invincible Trailblazers	Sai Kiran Dande	28	14	2	3	200.00	1	5259750
B	19007762	1	Invincible Trailblazers	Viraj	27	13	0	4	207.69	1	4143349
W	19007762	1	Royal Challengers Bowmanville	Afzal Khan	3.0	31	4	10.33	10	0	42313627
W	19007762	1	Royal Challengers Bowmanville	Brian Gohil	3.0	5	3	1.67	13	0	32141157
W	19007762	2	Invincible Trailblazers	Abhishek Chennamaneni	3.0	11	1	3.67	13	0	2982610
B	19007761	1	Downtown Hunterz	Mir Mujahed Ali	41	25	2	4	164.00	1	16147525
B	19007761	1	Downtown Hunterz	Faisal Yafai	38	21	3	2	180.95	1	10200084
B	19007761	2	Taunton Titans	Rohit Kumar	32	14	5	1	228.57	1	32043677
W	19007761	2	Downtown Hunterz	Mohammed Emad	2.0	16	2	8.00	7	0	31856679
W	19007761	2	Downtown Hunterz	Mir Mujahed Ali	3.0	29	2	9.67	8	0	16147525
W	19007761	1	Taunton Titans	Nimish Raval	3.0	31	2	10.33	11	1	42349926
B	19007758	2	Durham United	Abhishek Koneri	47	32	3	3	146.88	1	9779769
B	19007758	1	Whitby Thunderbolts Gtcc fall	Dileep Nannore	43	40	5	1	107.50	1	15992998
B	19007758	1	Whitby Thunderbolts Gtcc fall	Naren C	21	18	1	1	116.67	1	24254648
W	19007758	1	Durham United	Utkarsh Siingh	3.0	15	3	5.00	10	0	15282905
W	19007758	2	Whitby Thunderbolts Gtcc fall	Naren C	3.0	15	3	5.00	12	0	24254648
W	19007758	2	Whitby Thunderbolts Gtcc fall	Venkata Balaji Balabha Drapatruni	3.0	15	2	5.00	12	0	23656575
B	19007765	2	Nizam Royal Knights	Anvesh Reddy	27	17	2	3	158.82	1	30346362
B	19007765	2	Nizam Royal Knights	Naveen Reddy	24	26	1	1	92.31	1	15711723
B	19007765	1	Trailblazers	Harish Pannala(tpg)	16	13	2	0	123.08	0	3052877
W	19007765	1	Nizam Royal Knights	Raghu Reddy	2.2	11	5	4.71	9	0	15998250
W	19007765	2	Trailblazers	Subbu Pakalapati	3.0	15	3	5.00	12	1	132243
W	19007765	1	Nizam Royal Knights	Maniteja Yerra	3.0	19	3	6.33	11	0	22695071
B	19007763	1	Maratha Warriors - GTCC	Arun Baby	22	18	3	1	122.22	1	27672366
B	19007763	1	Maratha Warriors - GTCC	Vineesh  M	21	8	2	2	262.50	1	27672383
B	19007763	2	Oshawa Fighters	Sharath Bodla	17	14	0	2	121.43	1	23242753
W	19007763	2	Maratha Warriors - GTCC	Digil Davis	3.0	9	3	3.00	11	0	21961653
W	19007763	1	Oshawa Fighters	Raj Kiran Anem	1.0	2	2	2.00	5	0	29656739
W	19007763	2	Maratha Warriors - GTCC	Chetan	2.0	10	2	5.00	6	0	22115674
B	19007764	1	Nizam Royal Knights	Anvesh Reddy	60	40	1	7	150.00	0	30346362
B	19007764	1	Nizam Royal Knights	Charith Reddy	12	12	0	1	100.00	1	16203159
B	19007764	1	Nizam Royal Knights	Sattireddy Nalmala	9	5	0	1	180.00	1	128334
W	19007764	2	Nizam Royal Knights	Maniteja Yerra	3.0	5	4	1.67	17	0	22695071
W	19007764	2	Nizam Royal Knights	Sampath Kantimahanthi	2.0	9	3	4.50	8	0	30048429
W	19007764	1	Toronto Nawabs	Abdul Sajjad	3.0	14	3	4.67	12	1	42414177
B	19007768	1	Panjab XI	Surjeet Singh	21	11	3	1	190.91	1	38766896
B	19007768	2	North Stars T15 Fall League 2025	Jaideep (jd)	16	24	1	0	66.67	1	9081230
B	19007768	2	North Stars T15 Fall League 2025	Gautham Krishnaprasad	15	9	2	1	166.67	1	41973015
W	19007768	2	Panjab XI	Surjeet Singh	3.0	11	3	3.67	12	0	38766896
W	19007768	1	North Stars T15 Fall League 2025	Sanjit Raut	3.0	15	3	5.00	14	0	23646076
W	19007768	2	Panjab XI	Arpan Singh	2.0	7	2	3.50	6	0	31040706
B	19007767	1	Mavericks	Allen Saju	39	17	4	2	229.41	1	19803415
B	19007767	2	Maple Eagles	Satwinder Singh	34	14	1	3	242.86	0	42515588
B	19007767	2	Maple Eagles	Amandeep Singh	26	10	1	3	260.00	1	41624226
W	19007767	1	Maple Eagles	Shubham Acharya	3.0	22	3	7.33	7	0	41347123
W	19007767	2	Mavericks	Nasakath Shaikkumthodi	3.0	24	2	8.00	10	0	31273662
W	19007767	1	Maple Eagles	Satwinder Singh	2.0	17	2	8.50	5	0	42515588
B	19007766	2	Harmony Strikers	Nisarggggggg	26	11	0	3	236.36	0	6910094
B	19007766	2	Harmony Strikers	Dirgh Raval	25	14	0	3	178.57	0	31266663
B	19007766	1	Birthday Boys XI	Pranav	17	20	1	1	85.00	1	4712771
W	19007766	2	Birthday Boys XI	Vishal Padharia	1.0	5	2	5.00	4	0	42504569
W	19007766	1	Harmony Strikers	Harsh Patel	3.0	6	1	2.00	15	1	29748236
W	19007766	1	Harmony Strikers	Bishal Chakraborty	3.0	13	1	4.33	13	0	31271439
B	19007769	2	Thunder Strikers	Jigneshkumar Patel	40	22	0	5	181.82	1	30176575
B	19007769	1	TCF	Srikanth Reddy P	29	26	6	0	111.54	1	9118169
B	19007769	1	TCF	Ananda Reddy Yarradoddi	24	17	3	1	141.18	0	21776986
W	19007769	1	Thunder Strikers	Nish Patel	3.0	3	3	1.00	16	1	31956115
W	19007769	1	Thunder Strikers	Darshit Patel	3.0	7	2	2.33	14	0	27673702
W	19007769	2	TCF	Praveen Reddy	3.0	9	2	3.00	13	1	5413093
B	19007770	1	Redwings	Jackson Ouseph	71	47	5	3	151.06	0	21818163
B	19007770	2	Avengers	Gursimran Chauhan	38	25	2	2	152.00	1	42350491
B	19007770	1	Redwings	Emil Pious	13	11	1	1	118.18	1	40407065
W	19007770	2	Redwings	Akhil	3.0	5	2	1.67	14	1	30322919
W	19007770	2	Redwings	Christo Joy	3.0	16	1	5.33	5	0	30376963
W	19007770	1	Avengers	Ravish Sharma	3.0	21	1	7.00	7	0	42374685
B	19007771	1	Redwings	Akhil	25	26	4	0	96.15	1	30322919
B	19007771	2	FERAL XI	Lovepreet Singh	16	8	1	2	200.00	1	42402918
B	19007771	2	FERAL XI	Kushal Reddy	13	13	1	0	100.00	0	15283637
W	19007771	1	FERAL XI	Balkar Singh	2.3	6	3	2.40	10	0	41693676
W	19007771	1	FERAL XI	Manu Chowdary	3.0	9	3	3.00	11	0	31933873
W	19007771	2	Redwings	Christo Joy	3.0	10	2	3.33	11	0	30376963
B	19405021	1	Mavericks	Allen Saju	45	27	5	1	166.67	1	19803415
B	19405021	1	Mavericks	Akhil Varghese	20	16	1	2	125.00	1	21088781
B	19405021	2	Trailblazers	Uthej Kumar Pappu	14	13	1	1	107.69	1	5733409
W	19405021	1	Trailblazers	Harish Pannala(tpg)	3.0	11	3	3.67	12	0	3052877
W	19405021	1	Trailblazers	Anudeep Kona	3.0	13	3	4.33	12	1	41692406
W	19405021	2	Mavericks	Allen Saju	2.0	13	3	6.50	7	0	19803415
B	19007772	2	Durham Strikers	Gopal Kanniappan	31	29	3	0	106.90	0	27728606
B	19007772	2	Durham Strikers	Yuvaraj Rajendran	24	24	4	0	100.00	1	16168824
B	19007772	1	Deccan Warriors	Abarar Vahora	16	17	1	0	94.12	1	9964320
W	19007772	1	Durham Strikers	Magulan Duraipandian	3.0	4	2	1.33	16	1	32794123
W	19007772	1	Durham Strikers	Santhosh Rajan	3.0	14	2	4.67	9	0	23717445
W	19007772	2	Deccan Warriors	Mohammed Noman Hussain	2.3	17	2	6.80	8	0	30523853
B	19160563	1	Nizam Royal Knights	Pranay Reddy	35	24	2	2	145.83	1	18543580
B	19160563	1	Nizam Royal Knights	Kishore Dk	31	17	1	4	182.35	0	21832964
B	19160563	2	Golden City	Parry Brar	29	29	3	1	100.00	1	38211758
W	19160563	2	Nizam Royal Knights	Raghu Reddy	2.0	18	3	9.00	4	0	15998250
W	19160563	2	Nizam Royal Knights	Kishore Dk	3.0	19	2	6.33	9	0	21832964
W	19160563	1	Golden City	Harmeet Singh	2.0	17	2	8.50	8	0	39255428
B	19405024	1	Invincible Trailblazers	Aftab	45	33	1	4	136.36	1	1541269
B	19405024	2	DSK Friends XI	Japan Babu	19	12	3	0	158.33	1	39090306
B	19405024	2	DSK Friends XI	Dharmendra Singh Parihar	14	8	1	1	175.00	0	23337498
W	19405024	1	DSK Friends XI	Rajesh Babu Gangula	2.4	18	4	6.75	11	0	30013922
W	19405024	1	DSK Friends XI	Samil Vig	3.0	7	2	2.33	11	0	31956279
W	19405024	1	DSK Friends XI	Jay Patel	3.0	23	2	7.67	9	0	89124
B	19405042	1	Team Manjummel	Sampath Kumar Madala	38	20	6	1	190.00	1	15283339
B	19405042	2	Harmony Strikers	Dhruvin Patel	31	29	3	1	106.90	0	15140688
B	19405042	2	Harmony Strikers	Rajeshwar Bose	28	18	5	0	155.56	1	9928620
W	19405042	2	Team Manjummel	Uday Sai Reddy	3.0	16	2	5.33	10	0	29479079
W	19405042	1	Harmony Strikers	Rajeshwar Bose	3.0	22	2	7.33	8	0	9928620
W	19405042	1	Harmony Strikers	Harsh Patel	3.0	23	2	7.67	9	0	29748236
B	19405029	1	Maratha Warriors - GTCC	Vivin Thomas	48	15	2	6	320.00	1	21919124
B	19405029	2	Whitby Thunderbolts Gtcc fall	Dileep Nannore	37	25	4	2	148.00	1	15992998
B	19405029	1	Maratha Warriors - GTCC	Anu Krishnan	23	10	3	1	230.00	1	9017665
W	19405029	2	Maratha Warriors - GTCC	Vivin Thomas	3.0	11	3	3.67	13	0	21919124
W	19405029	2	Maratha Warriors - GTCC	Pratik Udawant	2.1	17	3	7.85	7	0	31286233
W	19405029	2	Maratha Warriors - GTCC	Sohail Khalili	3.0	14	2	4.67	13	0	32033222
B	19405052	1	Durham United	Mohit Palkar	41	25	3	2	164.00	1	30088867
B	19405052	2	Royal Punjab	Prince	27	31	4	0	87.10	1	23012388
B	19405052	2	Royal Punjab	Gurwinder Toor	15	14	3	0	107.14	1	31489988
W	19405052	1	Royal Punjab	Ashu Sharma	3.0	15	4	5.00	14	0	41099374
W	19405052	2	Durham United	Utkarsh Siingh	3.0	16	3	5.33	10	0	15282905
W	19405052	1	Royal Punjab	Lovepreet Khosa	3.0	9	2	3.00	12	0	41122178
B	19405047	1	TCF	Varun Kakubal	62	28	4	5	221.43	0	23206427
B	19405047	1	TCF	Sudheer Aki	45	21	3	4	214.29	1	14762522
B	19405047	1	TCF	Abhinay	37	24	0	3	154.17	1	104346
W	19405047	2	TCF	Praveen Reddy	2.0	16	3	8.00	6	0	5413093
W	19405047	2	TCF	Ananda Reddy Yarradoddi	3.0	7	2	2.33	14	0	21776986
W	19405047	2	TCF	Sharath Reddy Kongari	2.0	10	2	5.00	7	0	23027924
B	19405058	2	Downtown Hunterz	Irfan Mohammed	54	40	3	4	135.00	0	15608701
B	19405058	1	Friends United - Fall T15	Saurav	22	18	3	0	122.22	1	38188893
B	19405058	1	Friends United - Fall T15	Ravi	17	10	0	2	170.00	1	1153446
W	19405058	2	Friends United - Fall T15	Ravi	3.0	16	4	5.33	9	0	1153446
W	19405058	1	Downtown Hunterz	Mohammed Emad	2.5	16	4	5.65	11	0	31856679
W	19405058	1	Downtown Hunterz	Mir Mujahed Ali	2.0	26	2	13.00	4	0	16147525
B	19437513	1	Harmony Strikers	Dirgh Raval	61	20	5	6	305.00	0	31266663
B	19437513	2	Maratha Warriors - GTCC	Vivin Thomas	47	23	0	6	204.35	1	21919124
B	19437513	2	Maratha Warriors - GTCC	Vineesh  M	34	18	4	2	188.89	0	27672383
W	19437513	1	Maratha Warriors - GTCC	Vivin Thomas	3.0	24	2	8.00	7	0	21919124
W	19437513	1	Maratha Warriors - GTCC	Josmy Manuel	3.0	46	2	15.33	6	0	20873909
W	19437513	2	Harmony Strikers	Harsh Bajaj	2.5	46	2	16.24	5	0	31266548
B	19437504	1	Nizam Royal Knights	Naveen Reddy	20	15	3	0	133.33	1	15711723
B	19437504	2	Downtown Hunterz	Akram Khan	19	25	1	0	76.00	1	31095416
B	19437504	2	Downtown Hunterz	Hassan Khulaidi	16	11	1	1	145.45	1	31856676
W	19437504	1	Downtown Hunterz	Hassan Khulaidi	3.0	18	3	6.00	12	0	31856676
W	19437504	2	Nizam Royal Knights	Sampath Kantimahanthi	2.0	7	2	3.50	9	0	30048429
W	19437504	2	Nizam Royal Knights	Ranjeeth Reddy M	3.0	16	2	5.33	8	0	15998037
B	19437507	1	Mavericks	Allen Saju	101	41	8	7	246.34	1	19803415
B	19437507	1	Mavericks	Jijeesh Girija Vijayan	50	27	4	3	185.19	1	21760491
B	19437507	2	Durham United	Tarun Jaswal	31	21	2	2	147.62	1	30147776
W	19437507	1	Durham United	Nikhil Tyagi	2.0	19	4	9.50	6	0	169825
W	19437507	2	Mavericks	Ebin Thankachan	2.0	10	3	5.00	7	0	21088814
W	19437507	2	Mavericks	Jawas Muhammed	2.0	6	2	3.00	7	0	36772056
B	19438027	1	TCF	Sudheer Aki	66	42	7	2	157.14	1	14762522
B	19438027	2	Invincible Trailblazers	Abhi Duvuru	38	33	5	1	115.15	1	21500152
B	19438027	2	Invincible Trailblazers	Aftab	32	20	0	3	160.00	0	1541269
W	19438027	1	Invincible Trailblazers	Aftab	2.0	25	4	12.50	5	0	1541269
W	19438027	2	TCF	Varun Kakubal	3.0	19	3	6.33	10	0	23206427
W	19438027	2	TCF	Akhil Reddy	3.0	13	2	4.33	11	0	5549928
B	19476460	2	Nizam Royal Knights	Naveen Reddy	24	15	4	0	160.00	1	15711723
B	19476460	1	TCF	Srikanth Reddy P	23	21	2	0	109.52	1	9118169
B	19476460	2	Nizam Royal Knights	Pranay Reddy	19	19	1	0	100.00	1	18543580
W	19476460	2	TCF	Jayakrishna Gujjari	3.0	9	2	3.00	11	0	1225653
W	19476460	1	Nizam Royal Knights	Ranjeeth Reddy M	3.0	13	2	4.33	8	0	15998037
W	19476460	1	Nizam Royal Knights	Pranay Reddy	3.0	16	1	5.33	7	0	18543580
B	19476458	2	Mavericks	Allen Saju	32	20	1	3	160.00	0	19803415
B	19476458	2	Mavericks	Nasakath Shaikkumthodi	31	25	1	1	124.00	1	31273662
B	19476458	1	Maratha Warriors - GTCC	Josmy Manuel	27	30	2	0	90.00	1	20873909
W	19476458	1	Mavericks	Abhinandh Abhi	3.0	17	4	5.67	9	0	21201797
W	19476458	1	Mavericks	Sajin Kumar	2.3	12	2	4.80	9	0	30109342
W	19476458	2	Maratha Warriors - GTCC	Tanishq B	2.0	12	2	6.00	6	0	23168646
B	19545295	2	Nizam Royal Knights	Kishore Dk	62	38	0	7	163.16	1	21832964
B	19545295	1	Mavericks	Allen Saju	55	31	5	3	177.42	1	19803415
B	19545295	1	Mavericks	Ramkumar Pandarathil	15	17	1	0	88.24	1	14295929
W	19545295	2	Mavericks	Ebin Thankachan	3.0	18	4	6.00	9	0	21088814
W	19545295	1	Nizam Royal Knights	Kishore Dk	3.0	25	4	8.33	8	0	21832964
W	19545295	1	Nizam Royal Knights	Ranjeeth Reddy M	3.0	20	3	6.67	8	0	15998037
B	19007715	1	Team Manjummel	Sampath Kumar Madala	72	47	7	4	153.19	0	15283339
B	19007715	2	Durham United	Pulkit Malhotra	59	35	5	5	168.57	0	30168192
B	19007715	2	Durham United	Abhishek Koneri	38	28	5	0	135.71	0	9779769
W	19007715	1	Durham United	Tarun Jaswal	3.0	17	3	5.67	10	1	30147776
W	19007715	1	Durham United	Akash Bhalla	3.0	25	2	8.33	8	0	10133419
W	19007715	2	Team Manjummel	Srujan Gandla	3.0	14	1	4.67	11	0	23847345
B	19007716	2	Nizam Royal Knights	Pranay Reddy	38	26	7	1	146.15	1	18543580
B	19007716	2	Nizam Royal Knights	Raghu Reddy	20	12	0	2	166.67	0	15998250
B	19007716	2	Nizam Royal Knights	Naveen Reddy	16	7	3	0	228.57	1	15711723
W	19007716	2	Friends United - Fall T15	Karan Bajwa	3.0	12	3	4.00	9	0	6249085
W	19007716	1	Nizam Royal Knights	Sampath Kantimahanthi	3.0	11	2	3.67	14	1	30048429
W	19007716	1	Nizam Royal Knights	Pranay Reddy	2.4	11	2	4.12	10	0	18543580
B	19007718	2	Redwings	Jephin Saji	46	27	4	2	170.37	0	30393564
B	19007718	1	Whitby Thunderbolts Gtcc fall	Dileep Nannore	35	26	5	1	134.62	1	15992998
B	19007718	2	Redwings	Abhishek Rathnasingh	25	20	2	1	125.00	1	21828705
W	19007718	2	Whitby Thunderbolts Gtcc fall	Varun Kumar	1.0	8	2	8.00	4	0	22794738
W	19007718	1	Redwings	Vishnu Nair	3.0	26	2	8.67	7	0	21754141
W	19007718	2	Whitby Thunderbolts Gtcc fall	Kiran Chigiri	3.0	32	2	10.67	10	1	22537910
